QP,246,19,137,180,41,47,72,6
剣輝,20,131,225,41,89,150,17,4
弓輝,20,131,129,41,89,146,144,4
槍輝,22,35,129,9,89,18,80,132
騎輝,28,131,227,41,89,146,24,4
術輝,28,131,163,41,89,154,16,36
殺輝,20,131,225,41,89,214,16,4
狂輝,20,195,161,57,89,210,24,4
剣魔,150,194,101,113,105,24,89,28
弓魔,22,194,161,113,105,24,25,28
槍魔,22,98,161,88,105,49,73,156
騎魔,150,226,103,121,105,49,89,12
術魔,150,194,167,112,105,25,73,20
殺魔,150,194,101,113,105,24,73,28
狂魔,150,194,39,57,105,89,89,12
剣秘,235,16,150,38,67,83,47,254
弓秘,251,0,38,134,194,119,109,250
槍秘,251,8,166,50,194,156,63,122
騎秘,107,0,158,38,66,92,39,122
術秘,251,2,142,152,194,54,61,202
殺秘,235,0,150,102,70,19,59,238
狂秘,239,16,151,102,70,147,47,250
羽根,86,82,243,169,172,193,217,113
種,126,32,9,24,67,6,211,132
証,86,7,161,161,88,24,22,6
塵,84,5,1,64,65,29,144,1
逆鱗,30,14,233,252,33,185,135,225
爪,118,6,163,129,20,249,9,28
ランタン,78,88,137,19,146,185,102,196
蛇玉,30,88,73,131,210,233,56,33
歯車,124,22,39,145,233,185,57,105
頁,181,26,75,212,74,63,226,108
牙,86,87,36,165,49,153,201,169
蹄鉄,92,200,135,210,227,60,91,12
ホム,150,163,131,216,12,132,99,50
八連,222,184,45,110,161,82,113,22
骨,86,211,88,205,36,181,133,240
心臓,244,6,35,225,75,35,153,25
根,158,194,121,12,147,25,166,180
幼角,23,98,233,150,115,205,54,155
血涙,38,65,201,146,5,4,201,4
脂,118,76,9,3,73,8,83,208
鎖,94,7,161,225,41,177,137,9
ランプ,102,89,203,152,164,67,36,212
勲章,150,210,82,44,105,45,233,181
スカラベ,116,3,137,134,195,224,115,120
貝殻,118,82,41,169,137,204,31,148
毒針,214,165,44,73,89,147,147,19
産毛,156,99,167,24,19,77,97,108
胆石,86,1,137,76,82,2,60,177
髄液,118,9,178,102,200,144,0,144
酒,118,24,36,76,99,33,177,155
勾玉,94,164,43,90,228,75,152,180
鉄杭,140,141,152,51,97,243,227,195
火薬,86,39,161,89,57,29,137,233
結氷,94,130,169,252,234,28,51,198
オーロラ,156,210,105,164,28,100,153,105
指輪,94,169,5,74,169,118,201,19
鈴,222,34,141,124,147,76,97,156
炉心,118,19,165,92,107,19,89,140
鏡,118,195,49,140,36,135,202,164
矢尻,244,2,139,244,83,105,26,145
卵,38,50,73,140,216,196,51,67
冠,239,168,29,118,234,173,118,227
カケラ,118,17,133,140,83,132,201,102
霊子,247,226,7,248,120,89,75,147
実,124,3,19,22,161,108,43,14
剣ピ,38,107,99,152,211,141,204,50
弓ピ,166,88,61,203,198,133,198,18
槍ピ,38,89,227,210,50,153,202,60
騎ピ,38,217,41,19,50,12,205,50
術ピ,44,201,115,56,98,44,204,179
殺ピ,142,219,49,24,150,49,204,12
狂ピ,44,88,227,114,130,177,211,23
剣モ,38,67,99,152,147,201,204,50
弓モ,134,25,57,195,198,132,199,18
槍モ,166,89,99,146,50,153,204,56
騎モ,102,201,169,19,54,12,205,114
術モ,38,201,99,56,99,4,204,179
殺モ,134,67,49,24,134,49,204,30
狂モ,62,25,227,67,7,177,209,19
ネロメダル〔銅〕,116,71,83,176,189,149,132,144
ネロメダル〔銀〕,116,70,91,224,185,181,150,182
ネロメダル〔金〕,118,70,83,225,189,149,148,178
月見団子,222,41,29,136,67,86,129,36
特選団子,22,67,38,80,1,84,16,205
プチケーキ,86,101,33,20,211,33,164,212
スイートキャンドル,62,9,208,142,112,28,161,76
いたずらコウモリ,62,241,139,26,209,172,181,15
かぼちゃランタン,214,68,35,67,50,52,36,52
九十九髪茄子,116,131,9,105,243,24,8,22
曜変天目茶碗,214,192,37,113,9,12,203,196
平蜘蛛,86,1,43,28,80,4,52,65
ミニリボン,92,141,137,115,50,130,225,101
シルバーベル,54,204,201,33,161,214,13,208
ゴールドスター,102,0,73,54,163,139,142,120
魔法のくつした,54,35,185,70,73,204,30,67
シンクウカーン,123,134,120,10,203,8,190,199
バンノウレンズ,252,134,67,25,233,194,9,16
トランＧスター,86,23,161,181,56,105,41,89
材料チョコ,86,9,161,85,88,34,30,52
剣のコインチョコ,124,134,15,232,131,121,241,25
弓のコインチョコ,252,134,15,96,131,121,241,24
槍のコインチョコ,252,134,15,232,131,120,241,25
騎のコインチョコ,248,134,15,232,131,121,241,25
術のコインチョコ,248,134,15,232,131,121,241,25
殺のコインチョコ,248,134,14,96,131,124,241,25
狂のコインチョコ,248,134,15,112,131,121,249,25
全のコインチョコ,248,134,14,224,195,121,241,25
黒猫フィギュア,140,89,163,147,201,146,97,65
ストロベリーアイス,246,121,133,22,105,39,194,91
ミネラルウォーター,182,151,210,54,166,144,145,16
モナ・リザ（偽）,54,67,195,44,131,48,129,12
自画像（偽）,30,2,243,44,97,201,97,24
人体図（偽）,86,7,3,129,161,161,33,153
手稿（真）,47,218,123,156,10,100,139,228
手稿（偽）,44,130,211,60,139,108,3,196
剣の印章,124,40,7,82,225,20,99,152
弓の印章,124,40,7,82,161,28,97,152
槍の印章,124,40,7,82,161,156,99,144
騎の印章,124,104,7,86,161,29,99,140
術の印章,124,40,7,90,161,20,105,144
殺の印章,124,40,7,82,161,20,107,216
狂の印章,124,104,7,26,161,28,99,196
鬼瓢箪,110,89,147,148,73,52,49,195
金丹,103,24,240,198,41,193,78,187
仙桃,214,172,45,88,9,218,137,55
肉まん,86,33,173,148,201,88,90,6
功徳の札,103,72,153,137,198,54,115,110
大蓮華,222,3,135,96,9,94,1,156
功徳の玉,86,146,33,108,217,19,51,60
鬼印のつづら,124,33,11,211,1,176,176,118
錦の反物,150,168,161,80,82,166,140,137
竜宮珊瑚,92,115,139,141,160,28,48,162
真水,244,3,3,161,193,56,121,9
食料,244,19,9,8,131,72,232,6
木材,86,82,137,152,107,41,12,108
石材,86,15,161,240,155,212,72,39
鉄材,214,100,41,218,88,149,206,99
オイル,86,145,9,1,129,5,211,1
セメント,86,3,137,12,72,112,83,3
レアルタ合金,118,18,137,236,54,91,96,31
エードラム合金,86,82,137,172,54,90,72,151
イシュカ合金,118,18,9,236,178,27,76,199
高級プリン,92,133,163,19,64,72,140,52
マジカル☆ブシドームサシ,230,155,45,180,67,46,176,199
ライオン号くん,150,66,105,173,131,210,73,140
ネロメダル〔銅〕,116,71,83,176,189,149,132,144
ネロメダル〔銀〕,116,70,91,224,185,181,150,182
ネロメダル〔金〕,118,70,83,225,189,149,148,178
真紅の花びら,28,166,163,90,101,108,90,143
プチケーキ,86,101,33,20,211,33,164,212
スイートキャンドル,62,9,208,142,112,28,161,76
いたずらコウモリ,62,241,139,26,209,172,181,15
かぼちゃランタン,214,68,35,67,50,52,36,52
銅のズダ袋,220,13,74,240,3,108,128,195
銀のズダ袋,222,137,124,178,11,108,132,91
金のズダ袋,222,137,60,178,131,76,166,157
ミニリボン,92,141,137,115,50,130,225,101
シルバーベル,54,204,201,33,161,214,13,208
ゴールドスター,102,0,73,54,163,139,142,120
魔法のくつした,54,35,185,70,73,204,30,67
フルーツケーキ,214,146,35,105,173,132,193,125
ショートケーキ,231,134,29,120,25,93,202,36
チーズケーキ,182,39,8,217,73,13,182,230
奇跡のくつした,214,54,45,201,137,44,146,110
月見団子,222,41,29,136,67,86,129,36
特選団子,22,67,38,80,1,84,16,205
材料チョコ,86,9,161,85,88,34,30,52
剣のコインチョコ,124,134,15,232,131,121,241,25
弓のコインチョコ,252,134,15,96,131,121,241,24
槍のコインチョコ,252,134,15,232,131,120,241,25
騎のコインチョコ,248,134,15,232,131,121,241,25
術のコインチョコ,248,134,15,232,131,121,241,25
殺のコインチョコ,248,134,14,96,131,124,241,25
狂のコインチョコ,248,134,15,112,131,121,249,25
全のコインチョコ,248,134,14,224,195,121,241,25
九十九髪茄子,116,131,9,105,243,24,8,22
曜変天目茶碗,214,192,37,113,9,12,203,196
平蜘蛛,86,1,43,28,80,4,52,65
永楽銭,86,7,141,121,113,18,131,152
砂金,111,186,217,204,174,247,243,237
小判,102,147,139,28,96,231,148,72
サクラチップ,84,39,2,41,144,83,16,153
鬼瓢箪,110,89,147,148,73,52,49,195
鬼印のつづら,124,33,11,211,1,176,176,118
錦の反物,150,168,161,80,82,166,140,137
竜宮珊瑚,92,115,139,141,160,28,48,162
真水,244,3,3,161,193,56,121,9
食料,244,19,9,8,131,72,232,6
木材,86,82,137,152,107,41,12,108
石材,86,15,161,240,155,212,72,39
鉄材,214,100,41,218,88,149,206,99
オイル,86,145,9,1,129,5,211,1
セメント,86,3,137,12,72,112,83,3
レアルタ合金,118,18,137,236,54,91,96,31
エードラム合金,86,82,137,172,54,90,72,151
イシュカ合金,118,18,9,236,178,27,76,199
ジャンクパーツ,86,25,97,128,217,37,48,84
チタンプレート,156,2,236,185,9,248,75,120
マグホイール,94,3,173,185,3,124,209,22
インスタント麺,126,169,137,212,45,50,13,86
コノートコイン,94,193,131,50,99,156,89,3
ネロメダル〔銅〕,116,71,83,176,189,149,132,144
ネロメダル〔銀〕,116,70,91,224,185,181,150,182
ネロメダル〔金〕,118,70,83,225,189,149,148,178
真紅の花びら,28,166,163,90,101,108,90,143
銅のズダ袋,220,13,74,240,3,108,128,195
銀のズダ袋,222,137,124,178,11,108,132,91
金のズダ袋,222,137,60,178,131,76,166,157
ドリルグミ,214,19,201,109,32,140,160,28
ミサイルラムネ,237,2,187,198,11,252,90,188
ビームクッキー,127,2,105,172,147,204,103,24
フルーツケーキ,214,146,35,105,173,132,193,125
ショートケーキ,231,134,29,120,25,93,202,36
チーズケーキ,182,39,8,217,73,13,182,230
奇跡のくつした,214,54,45,201,137,44,146,110
ホロウキャンドル,38,153,72,35,25,38,144,132
コープスベル,236,18,153,248,14,243,64,63
スノーベビー,54,166,227,28,35,121,44,153
冥界の砂,38,121,100,20,217,25,48,140
モナ・リザ（偽）,54,67,195,44,131,48,129,12
自画像（偽）,30,2,243,44,97,201,97,24
人体図（偽）,86,7,3,129,161,161,33,153
手稿（真）,47,218,123,156,10,100,139,228
手稿（偽）,44,130,211,60,139,108,3,196
ファンシーシュガー,214,141,41,73,76,54,144,3
ミスティックミルク,95,136,23,244,74,27,249,102
クークーカカオ,214,90,45,180,201,15,74,3
フエールフレーバー,102,193,217,48,71,153,49,206
黒猫フィギュア,140,89,163,147,201,146,97,65
ストロベリーアイス,246,121,133,22,105,39,194,91
ミネラルウォーター,182,151,210,54,166,144,145,16
シンクウカーン,123,134,120,10,203,8,190,199
バンノウレンズ,252,134,67,25,233,194,9,16
トランＧスター,86,23,161,181,56,105,41,89
金丹,103,24,240,198,41,193,78,187
仙桃,214,172,45,88,9,218,137,55
肉まん,86,33,173,148,201,88,90,6
功徳の札,103,72,153,137,198,54,115,110
大蓮華,222,3,135,96,9,94,1,156
功徳の玉,86,146,33,108,217,19,51,60
ヒポぐるみ,214,33,45,114,195,116,141,28
イリアス紙片,214,106,181,124,137,228,88,142
賢者のチョーク,249,14,211,240,15,207,240,27
永楽銭,86,7,141,121,113,18,131,152
砂金,111,186,217,204,174,247,243,237
小判,102,147,139,28,96,231,148,72
カエルの手拭い,92,133,3,123,211,129,48,40
カエルの根付,31,208,215,184,112,70,203,220
カエルの香炉,94,3,165,86,3,80,57,6
ジャンクパーツ,86,25,97,128,217,37,48,84
チタンプレート,156,2,236,185,9,248,75,120
マグホイール,94,3,173,185,3,124,209,22
インスタント麺,126,169,137,212,45,50,13,86
コノートコイン,94,193,131,50,99,156,89,3
剣の印章,124,40,7,82,225,20,99,152
弓の印章,124,40,7,82,161,28,97,152
槍の印章,124,40,7,82,161,156,99,144
騎の印章,124,104,7,86,161,29,99,140
術の印章,124,40,7,90,161,20,105,144
殺の印章,124,40,7,82,161,20,107,216
狂の印章,124,104,7,26,161,28,99,196
ワイルドポテト,214,73,41,35,0,168,97,208
ストロングドッグ,126,66,9,172,135,88,66,103
マッスルバーガー,214,5,45,98,129,97,75,4
金の延べ棒,86,66,169,44,78,51,20,211
AUOくじ,252,130,11,106,162,89,70,140
ドリルグミ,214,19,201,109,32,140,160,28
ミサイルラムネ,237,2,187,198,11,252,90,188
ビームクッキー,127,2,105,172,147,204,103,24
ドクロコーン,54,153,105,105,44,132,72,144
カナボーチュロス,222,66,121,204,101,53,151,209
コヅチサンデー,150,89,44,147,67,150,105,12
ホロウキャンドル,38,153,72,35,25,38,144,132
コープスベル,236,18,153,248,14,243,64,63
スノーベビー,54,166,227,28,35,121,44,153
冥界の砂,38,121,100,20,217,25,48,140
オーラバンド,118,45,3,147,185,98,195,145
ムーチョダンベル,220,50,5,204,162,236,88,15
アディオスマイク,126,137,147,38,76,184,99,155
アミーゴタオル,222,66,41,180,146,79,104,176
山の幸,86,3,33,232,96,12,136,34
川の幸,254,168,33,84,75,6,50,193
雀の幸,182,147,9,230,67,57,25,24
スギの材木,94,19,137,173,53,78,98,58
ヒノキの材木,221,226,137,236,50,221,98,59
ケヤキの材木,126,2,27,248,7,207,96,26
高級プリン,92,133,163,19,64,72,140,52
マジカル☆ブシドームサシ,230,155,45,180,67,46,176,199
ライオン号くん,150,66,105,173,131,210,73,140
言記しの紙,118,37,140,145,12,129,66,9
想紡ぎの墨,108,18,89,40,137,169,13,233
夢綴りの筆,223,2,120,142,96,51,156,207
サクラチップ,84,39,2,41,144,83,16,153
バッドコースター,86,3,165,193,9,40,25,12
トリッキークロス,70,76,137,50,96,145,26,45
ハーミットシェーカー,30,147,217,108,18,200,41,169
雪おしろい,70,131,137,104,19,156,36,131
月つやべに,22,114,109,152,11,172,202,78
花かんざし,78,70,177,156,130,233,13,83
カエルの手拭い,92,133,3,123,211,129,48,40
カエルの根付,31,208,215,184,112,70,203,220
カエルの香炉,94,3,165,86,3,80,57,6
フォーマル・リーブス,236,109,19,25,2,3,25,134
ダンディ・ラビット,103,168,218,198,38,27,236,102
ノーヴル・クロック,114,3,156,104,7,73,169,211
青苧糸,86,27,64,37,188,141,99,56
無縁塩,220,112,7,30,33,6,123,193
陣立味噌,206,49,112,201,54,25,137,199
ラッキーダイス,220,19,7,29,40,96,32,7
ミラクルトランプ,220,195,73,177,91,112,146,58
ドリームチップ,86,99,13,224,173,150,112,152
ワイルドポテトV,54,193,137,28,64,12,33,132
ストロングドッグZERO,86,26,167,88,41,48,25,14
Ｗマッスルバーガー,246,3,45,89,3,195,144,214
AUOくじ2019,252,146,11,41,232,88,94,140
銅のセイバーバッヂ,102,33,13,5,72,98,209,156
銀のセイバーバッヂ,118,41,137,72,5,147,13,211
金のセイバーバッヂ,54,73,137,66,9,166,216,150
アルトリウム,111,12,122,153,19,211,182,166
ドクロコーン,54,153,105,105,44,132,72,144
カナボーチュロス,222,66,121,204,101,53,151,209
コヅチサンデー,150,89,44,147,67,150,105,12
慈愛の包帯,178,77,72,3,56,182,24,105
奉仕の体温計,223,210,122,76,104,61,140,229
真心の枕,83,82,172,172,75,214,210,241
聖夜の絆創膏,252,2,121,236,39,216,103,56
山の幸,86,3,33,232,96,12,136,34
川の幸,254,168,33,84,75,6,50,193
雀の幸,182,147,9,230,67,57,25,24
スギの材木,94,19,137,173,53,78,98,58
ヒノキの材木,221,226,137,236,50,221,98,59
ケヤキの材木,126,2,27,248,7,207,96,26
出会いの風車,86,19,73,173,164,147,132,52
集いの手毬,94,9,37,82,9,118,194,148
夜すがらの扇,156,7,131,108,97,156,73,150
怪しい麦袋,214,13,4,163,105,208,129,18
不気味な薬草,22,6,249,28,192,121,134,240
疑惑のハチミツ,70,73,169,78,13,148,219,195
ヒポぐるみ,214,33,45,114,195,116,141,28
イリアス紙片,214,106,181,124,137,228,88,142
賢者のチョーク,249,14,211,240,15,207,240,27
マーカーハウス,252,145,7,15,67,39,152,9
ポイントジェム,22,141,115,40,143,96,141,70
ライフカウンター,214,65,45,176,141,72,97,6
ノーマルダイス,126,200,165,184,67,71,156,180
123ダイス,86,73,37,146,33,88,75,4
456ダイス,86,73,165,52,193,194,105,30
1ゾロダイス,86,73,165,24,49,147,73,4
2ゾロダイス,118,89,165,212,97,194,75,20
3ゾロダイス,86,73,165,24,97,211,75,12
青苧糸,86,27,64,37,188,141,99,56
無縁塩,220,112,7,30,33,6,123,193
陣立味噌,206,49,112,201,54,25,137,199
ラッキーダイス,220,19,7,29,40,96,32,7
ミラクルトランプ,220,195,73,177,91,112,146,58
ドリームチップ,86,99,13,224,173,150,112,152
